"행정구역(시군구)별(1)",행정구역(시군구)별(2),2016,2016,2016,2016,2016,2016,2016,2016,2017,2017,2017,2017,2017,2017,2017,2017,2018,2018,2018,2018,2018,2018,2018,2018,2019,2019,2019,2019,2019,2019,2019,2019,2020,2020,2020,2020,2020,2020,2020,2020,2021,2021,2021,2021,2021,2021,2021,2021
"행정구역(시군구)별(1)",행정구역(시군구)별(2),급여총계,급여총계,과세대상근로소득(총급여),과세대상근로소득(총급여),과세표준,과세표준,결정세액,결정세액,급여총계,급여총계,과세대상근로소득(총급여),과세대상근로소득(총급여),과세표준,과세표준,결정세액,결정세액,급여총계,급여총계,과세대상근로소득(총급여),과세대상근로소득(총급여),과세표준,과세표준,결정세액,결정세액,급여총계,급여총계,과세대상근로소득(총급여),과세대상근로소득(총급여),과세표준,과세표준,결정세액,결정세액,급여총계,급여총계,과세대상근로소득(총급여),과세대상근로소득(총급여),과세표준,과세표준,결정세액,결정세액,급여총계,급여총계,과세대상근로소득(총급여),과세대상근로소득(총급여),과세표준,과세표준,결정세액,결정세액
"행정구역(시군구)별(1)",행정구역(시군구)별(2),인원 (명),금액 (백만원),인원 (명),금액 (백만원),인원 (명),금액 (백만원),인원 (명),금액 (백만원),인원 (명),금액 (백만원),인원 (명),금액 (백만원),인원 (명),금액 (백만원),인원 (명),금액 (백만원),인원 (명),금액 (백만원),인원 (명),금액 (백만원),인원 (명),금액 (백만원),인원 (명),금액 (백만원),인원 (명),금액 (백만원),인원 (명),금액 (백만원),인원 (명),금액 (백만원),인원 (명),금액 (백만원),인원 (명),금액 (백만원),인원 (명),금액 (백만원),인원 (명),금액 (백만원),인원 (명),금액 (백만원),인원 (명),금액 (백만원),인원 (명),금액 (백만원),인원 (명),금액 (백만원),인원 (명),금액 (백만원)
"전국",소계,17740098,600099695,17668285,595990661,15419516,320805519,9998156,30853854,18005534,637616487,17925345,633611675,15785463,346815582,10614732,34836794,18577885,681611264,18501089,677488617,16470280,374870237,11358784,38307766,19167273,721686447,19074871,717531015,17102113,398689340,12112622,41101084,19495359,750265078,19410638,746316834,17317094,409420579,12240163,44164060,19959148,807198885,19907727,803208612,17857818,455957519,12919174,52698621
"서울",소계,3629625,138096837,3621150,137226200,3159795,79865568,2099483,10035736,3645417,146379773,3636049,145511903,3200106,86341527,2189389,11368615,3743474,155269460,3734108,154395729,3322899,92358139,2310586,12348196,3845841,164800618,3836212,163916825,3441286,98648176,2448702,13405669,3871889,170371416,3862509,169576796,3441592,101261190,2434090,14415848,3952583,184858796,3944244,184066506,3537573,113851288,2565528,17333494
"서울",강남구,206668,13057288,206346,12989836,185324,9108357,139670,1761616,201206,14142558,200894,14078169,181578,10167097,140022,2067734,206821,14403588,206523,14339618,187480,10267158,145315,2125841,209653,14926829,209360,14863887,191335,10618866,149796,2207827,210941,15754700,210648,15694857,192078,11258245,150113,2434790,215632,17477665,215441,17417230,197339,12781199,156295,2932330
"서울",강동구,161837,5614760,161558,5577333,140810,3045249,91771,298009,160371,5824940,160084,5788728,140706,3212291,95133,326153,165248,6291291,164967,6254566,146927,3532389,101758,370841,183833,7447177,183504,7407086,164583,4268152,118169,469757,189102,7865918,188760,7827655,168456,4455424,120422,513117,192080,8488374,191800,8449977,172314,5005361,126135,630369
"서울",강북구,102249,2647871,102053,2632574,86391,1248641,50278,84141,102117,2764297,101879,2749477,86988,1327609,52819,92680,103391,2913526,103160,2897863,89470,1424011,56233,99598,105025,3075447,104773,3058999,91856,1525316,59757,109023,105321,3109922,105092,3094916,90701,1506326,58250,112993,105489,3274497,105266,3259552,91807,1661978,61474,135266
"서울",강서구,233511,7710165,232996,7628623,203712,4026675,131726,354709,236070,8221014,235487,8133889,208027,4381127,139190,405050,242516,8809099,241919,8719706,215878,4781529,147684,453865,245495,9178851,244918,9087948,220554,5019431,154557,482288,247909,9287969,247380,9228565,220894,4978256,152070,493329,252396,9964209,251917,9911518,226638,5564594,161197,590267
"서울",관악구,202189,5779387,201656,5745259,173961,2893776,108313,217188,205325,6098873,204654,6065462,178238,3103607,114143,239293,212016,6521099,211360,6487537,186173,3371743,119021,264539,217483,6865539,216841,6830972,192332,3576033,125611,279490,217065,6961669,216393,6929881,190378,3550022,122239,291753,224352,7550177,223714,7517118,197879,4039750,131839,363957
"서울",광진구,137927,4657189,137552,4631001,119474,2548573,77608,270328,139502,4949835,139100,4923083,122109,2756138,81645,304121,142631,5250413,142225,5223826,126431,2962129,85125,332697,145629,5495292,145146,5469408,129693,3125033,89250,357989,146304,5629534,145864,5604978,129418,3156353,87976,375236,150149,6121949,149746,6096454,133384,3581110,93559,460958
"서울",구로구,163520,5055671,163144,5027109,141311,2597886,90387,212314,162000,5264673,161581,5236393,141789,2762019,93773,238521,166803,5614023,166375,5584744,148119,2975891,99394,256541,171843,5972692,171435,5943790,153847,3196597,106207,279869,171669,6079037,171270,6053085,152292,3201266,104667,294000,174004,6504808,173678,6478283,155484,3576810,110148,355314
"서울",금천구,91194,2411167,90925,2397028,78065,1155221,47382,74760,91260,2531695,90998,2517894,78832,1238655,49606,84209,95166,2766103,94939,2750939,83458,1378335,53234,93903,98934,2973640,98708,2958726,87906,1501049,57612,103850,100692,3103521,100479,3090062,88898,1533085,57946,109962,104225,3388533,103985,3374171,93056,1751172,62880,137215
"서울",노원구,189827,6503565,189359,6462286,164920,3409255,106972,299879,188364,6697695,187809,6657118,164986,3562872,110274,323407,189212,6942109,188666,6900803,167312,3742529,114682,347656,191248,7206570,190624,7165622,170381,3915063,120204,368243,191648,7363982,191132,7325413,169643,3942722,119605,386671,194250,7784253,193811,7745559,172938,4311665,124956,447188
"서울",도봉구,116832,3419968,116562,3398850,99447,1705742,60556,134858,116510,3530209,116233,3509818,99796,1786571,62765,145255,118281,3683487,118008,3662835,102177,1886411,66253,154476,118771,3797517,118459,3776964,103389,1963299,69443,162934,117979,3824449,117727,3806073,101511,1935865,67978,165468,118133,4009934,117908,3991429,102755,2110725,70929,192074
"서울",동대문구,116466,3539255,116108,3517492,99179,1824976,62319,155685,117744,3783211,117278,3761164,101855,1987053,66735,173276,120859,4069348,120420,4046113,105746,2178022,71121,196038,125149,4357428,124535,4333325,110152,2358385,75950,217507,126064,4500363,125527,4478814,110028,2404804,75424,232148,129684,4913041,129267,4891094,114426,2742414,80535,290500
"서울",동작구,152859,5623027,152208,5586855,133470,3148539,90412,335241,154339,5915612,153530,5879398,135803,3359972,93852,370995,160341,6371673,159483,6334088,142225,3672806,99673,415231,163292,6661784,162746,6627712,146294,3864194,104044,442282,164005,6853020,163106,6818437,145638,3938917,102949,472413,167538,7403320,166747,7368294,149655,4417716,108309,570216
"서울",마포구,145901,5945288,145471,5906142,127357,3514430,88518,431237,148218,6336265,147786,6296498,130089,3805589,92500,487528,152162,6814638,151737,6775997,135189,4159049,97397,553050,156129,7296518,155708,7256814,139819,4501078,102705,622419,157918,7581482,157471,7545532,140962,4638558,102490,661678,160890,8245601,160441,8210265,144525,5233122,107067,812180
"서울",서대문구,111807,4027703,111454,3998679,96908,2251700,63742,240909,112716,4227723,112336,4198678,97529,2398954,66454,267613,115417,4555667,115025,4527785,101811,2630751,70869,304231,121106,4982198,120695,4951826,107729,2903893,76931,344250,121720,5132923,121352,5104712,107298,2970313,76014,372336,124643,5565047,124209,5536145,110702,3337044,80289,441978
"서울",서초구,167621,10594212,167281,10537994,151458,7328188,114976,1358208,165674,11359238,165289,11302263,150226,8043965,116190,1550124,167636,11569227,167303,11515210,152756,8172547,118877,1621961,168901,12021965,168577,11969079,154937,8503332,122049,1720357,167853,12489338,167560,12440121,153383,8862085,120731,1858759,169405,13638923,169251,13591150,155071,9921152,123469,2212382
"서울",성동구,112421,4470137,112246,4440760,99141,2620443,67833,322567,116243,4929924,116056,4901455,103211,2955105,73245,382461,116973,5203765,116783,5176267,104805,3175441,75275,433503,117651,5431210,117425,5403559,106032,3344887,77747,466910,117169,5643902,116962,5618585,104946,3483277,76688,522319,118248,6207800,118079,6182497,106527,4000341,79555,669768
"서울",성북구,145308,5185898,144985,5151143,125007,2875646,81347,325128,144303,5413273,143992,5379933,125398,3055295,83696,369603,151736,5835993,151398,5800967,133215,3306254,91025,390454,155845,6132023,155413,6096249,137708,3484727,96351,411337,157525,6381557,157110,6346927,138505,3601648,96347,453777,162378,6852822,161948,6817860,143281,3981150,102013,513877
"서울",송파구,259057,11619948,258616,11548756,229074,7119076,161587,988565,263839,12335849,263450,12265302,235044,7648481,170190,1093521,276658,13537820,276246,13465942,249204,8519595,181987,1262486,280758,14203992,280281,14132599,254867,8985165,190097,1346542,280206,14594561,279766,14528899,253830,9189800,188842,1432570,288952,16095685,288607,16031591,262996,10469962,200126,1742308
"서울",양천구,170566,6984964,170163,6937326,148866,4079804,101065,509587,170083,7279487,169639,7231996,149906,4312655,104614,556724,172285,7650219,171825,7602673,153597,4589238,109605,606591,175717,8042926,175324,7994256,158055,4847355,115304,644955,176637,8272740,176232,8230881,157687,4953070,114737,688043,178304,8806702,178012,8766150,160453,5439323,119452,800901
"서울",영등포구,153074,5837597,152777,5800786,134616,3358259,93189,382817,156209,6241782,155880,6204667,138146,3645515,98366,429323,161550,6726793,161219,6690935,144698,3983469,103908,482897,170948,7398345,170673,7361189,154535,4413931,113350,545297,175969,7824542,175657,7790072,158085,4621887,115901,591459,180393,8559698,180069,8524447,163425,5243300,122437,721250
"서울",용산구,85050,4552119,84895,4529872,74872,3127214,53410,559989,86315,4942793,86131,4920956,76651,3446181,55843,660337,89183,5248094,89004,5226355,79901,3669805,58971,712549,92859,5822661,92706,5800844,83865,4110203,62844,861572,94304,6122572,94157,6101895,84727,4311909,63141,932442,96680,6747813,96547,6727198,87329,4866533,66139,1109695
"서울",은평구,170998,5155948,170587,5120914,146623,2604028,90768,213307,172919,5452739,172499,5418547,150051,2803426,96276,238166,177719,5878306,177256,5844440,156271,3083875,103118,269473,183936,6343267,183408,6306182,163526,3371416,111229,303023,185630,6510425,185161,6476590,163345,3404448,110611,322060,190443,7030234,190030,6995460,169461,3836190,117947,390669
"서울",종로구,50444,2248257,50296,2234441,43733,1430240,29994,227482,50504,2353076,50344,2338359,43989,1509950,30887,249017,51396,2447854,51243,2432965,45300,1573132,32485,257659,52689,2566206,52543,2551645,46744,1649953,33849,277468,53596,2628977,53459,2615221,47126,1671660,33656,284815,54388,2840850,54251,2826878,48346,1858644,35380,337249
"서울",중구,42757,1756529,42682,1746785,37209,1092584,25217,161342,43810,1894195,43720,1883631,38501,1190637,26971,182113,45693,2050997,45603,2040026,40617,1299416,28901,201769,47280,2184474,47160,2173922,42216,1390966,30661,224234,48476,2293687,48379,2284479,42839,1455017,30573,247665,49447,2447593,49343,2437689,44135,1580271,32212,269506
"서울",중랑구,139542,3698926,139230,3678356,118867,1751068,70443,115870,139776,3888819,139400,3869027,120658,1880763,74200,131394,141781,4114330,141421,4093528,124139,2022614,78675,140347,145667,4416068,145250,4394220,128931,2209852,84985,156250,146187,4560624,145865,4540147,128924,2236234,84720,166046,150480,4939270,150177,4918495,133647,2539763,91186,206078
"인천",소계,1063619,31804325,1059761,31576501,917079,15810894,575509,1185639,1084494,33953035,1079952,33734409,944830,17217264,620297,1347069,1123686,36741356,1119116,36509753,991130,18976022,669739,1539954,1145602,38615008,1141512,38385344,1018652,20064328,708814,1646243,1162209,39891923,1157623,39683804,1027357,20354623,713236,1742265,1203728,43205311,1199845,42990069,1070769,22810315,765861,2075253
"인천",강화군,16617,465083,16496,461539,14114,228792,8601,17351,16947,501111,16686,497778,14591,252879,9476,19675,17769,542466,17584,538991,15431,277027,10309,21585,18457,580350,18228,576903,16117,300308,11065,24112,18824,612248,18611,608916,16559,313800,11398,26556,19425,659829,19389,656995,17359,347947,12214,30996
"인천",계양구,118341,3177103,117864,3155754,100688,1494863,60190,92636,115930,3235988,115428,3217046,100019,1549731,62723,97660,115964,3375369,115471,3355163,101568,1650926,65765,106771,116028,3465097,115518,3444659,102338,1707440,68751,110900,115800,3509702,115405,3491997,101387,1685976,67910,113469,117970,3726161,117649,3708197,104128,1859009,72152,134103
"인천",남동구,198052,5808628,197366,5769046,171320,2842691,107150,196098,201368,6157179,200579,6119666,175568,3071593,114960,220674,204461,6497706,203668,6459181,180348,3296166,121006,247495,206416,6728459,205796,6691258,183245,3433285,126261,257774,204733,6793310,204044,6759451,180902,3402139,124190,266834,205719,7093204,205158,7058367,182544,3680328,129012,308594
"인천",동구,23672,638751,23622,634890,20546,296945,12489,16317,22908,639655,22857,636420,20030,302866,12580,17054,22570,658775,22514,655247,20052,318748,13250,18458,22310,667824,22251,664408,20001,324803,13613,18639,22654,687250,22596,683923,20186,325518,13740,19507,22034,700343,21975,697173,19710,347097,13956,23476
"인천",미추홀구(남구),144365,3738032,143705,3713003,122745,1725209,73603,96950,145574,3938522,144741,3915098,125294,1853943,78464,107519,148166,4170480,147167,4145262,128952,2003091,83074,120768,149099,4321603,148371,4297516,130954,2093141,86919,126877,154167,4531302,152848,4507073,133553,2141881,89026,134484,158838,4888535,157508,4862081,139265,2399907,95582,164184
"인천",부평구,193564,5574627,192958,5538274,167005,2720370,102851,188293,190694,5686158,190072,5653343,165987,2813730,106717,197805,192143,5934673,191554,5900007,169286,2988851,112229,215859,189424,6012506,188839,5978749,168575,3037400,115201,217980,189788,6116418,189227,6085213,167808,3029166,114273,226910,197275,6615886,196804,6584098,175683,3389581,123456,266768
"인천",서구,192051,5822861,191436,5777262,166670,2879692,104877,209240,205137,6533479,204429,6487286,180046,3295490,118984,248341,215812,7182505,215118,7133932,191386,3693375,130343,292203,220757,7561718,220075,7513088,197561,3909566,138397,314061,225801,7898351,225215,7857194,201607,4009795,141079,334133,244218,9004702,243717,8962318,219276,4737507,158346,421959
"인천",연수구,126513,4999229,126094,4960740,109942,2832370,76556,312166,133014,5540970,132523,5501794,116690,3202996,84313,374050,146133,6328133,145641,6285775,130002,3689950,95782,437676,157315,6987847,156898,6944424,140822,4073275,106012,485856,162901,7400205,162367,7360522,144942,4277443,108939,531013,165729,7877372,165253,7836939,147626,4681367,113176,614836
"인천",옹진군,6857,233663,6775,231291,6080,118582,4469,8193,6720,241102,6608,238912,6028,124835,4606,9037,6670,247587,6581,245521,6041,130187,4682,9734,6719,253660,6618,252040,6046,134889,4812,10471,6904,263237,6820,261532,6203,139009,4902,11672,7188,284021,7175,282290,6567,153178,5250,13192
"인천",중구,43587,1346348,43445,1334702,37969,671381,24723,48395,46437,1482402,46263,1470534,40733,750643,27474,55254,53998,1803664,53818,1790674,48064,927700,33299,69405,59077,2035945,58918,2022298,52993,1050223,37783,79573,60637,2079903,60490,2067983,54210,1029895,37779,77685,65332,2355259,65217,2341612,58611,1214393,42717,97145
"경기",소계,4748235,161196111,4731362,160255989,4133323,86015638,2700341,8218994,4903937,174931092,4884250,173994637,4313151,95140140,2934129,9495878,5134847,190301943,5116832,189301312,4568880,104853687,3178960,10682449,5358357,203302793,5338294,202281374,4800424,112256590,3429400,11387758,5513037,215174214,5496608,214191008,4924879,117820549,3522336,12612202,5672815,234625548,5661909,233637701,5098790,133537642,3743651,15543954
"경기",가평군,16238,470590,16125,468061,13926,233525,8602,18292,16876,501141,16755,498979,14366,252061,9317,19955,17531,541009,17413,538582,15207,276524,10191,23005,18537,585249,18403,582770,16190,301882,11232,24938,19142,614535,19039,612021,16730,310921,11621,26798,19967,655939,19922,653544,17421,342478,12252,31177
"경기",고양시,367263,13070191,366259,12974288,318129,7084722,206197,728075,374452,13845144,373243,13747805,327443,7619055,219924,809046,395682,15076188,394386,14974032,349550,8386809,241148,901992,412968,16057004,411674,15952594,367693,8946114,260149,957210,421837,16677719,420734,16586985,374701,9163288,265326,1010382,431583,17812290,430738,17723647,386560,10092238,279507,1168170
"경기",과천시,20845,1068165,20765,1061511,18492,674658,13718,97614,21272,1138903,21137,1131964,19006,729262,14401,109709,22175,1222864,22090,1216033,20052,788259,15394,119945,24757,1426949,24638,1419235,22417,929127,17688,144854,28598,1753426,28504,1744659,25985,1148667,20701,189443,33333,2164656,33291,2154993,30449,1448767,24368,251633
"경기",광명시,122242,4012753,121719,3989674,106611,2075210,68359,174054,122829,4230916,122265,4208258,107694,2237868,71783,199996,122905,4425886,122485,4403923,109073,2382547,74682,220345,120421,4544906,119938,4523196,108020,2485130,76316,237863,118528,4649553,118140,4629369,106352,2515420,75796,251160,119939,4969791,119666,4950295,107924,2804056,78937,305879
"경기",광주시,129079,3549316,128823,3530559,111586,1698874,68118,119027,139496,4073756,138842,4053752,122007,1999248,78519,145451,147657,4507524,147116,4483658,130856,2249827,86688,168484,155348,4901478,154704,4877284,138611,2473886,94711,186435,159753,5201530,159331,5178275,142376,2596214,98228,206848,164459,5670269,164276,5646979,147774,2949943,105464,254978
"경기",구리시,66227,2058061,65978,2046806,56659,1034875,34809,82752,69862,2285324,69613,2273560,60717,1172762,38696,98171,70754,2394160,70498,2383488,62234,1245472,41216,105923,72780,2547881,72567,2536566,64632,1341595,44437,117050,72157,2598069,72023,2587367,63768,1348870,44135,124081,73048,2767130,72941,2756371,65273,1496955,46567,149284
"경기",군포시,110738,3831803,110316,3810903,97250,2030081,64457,180660,110466,3962253,110056,3942720,97843,2129924,67164,194165,112605,4133620,112149,4112638,100724,2239379,69981,205772,115454,4302875,115068,4281940,103838,2335749,73712,213657,114195,4338084,113917,4317959,102339,2316550,72885,220051,116528,4631102,116265,4610835,105066,2563474,76783,260070
"경기",김포시,147731,4664810,146844,4621679,128763,2354626,83585,185000,162343,5410797,161399,5364457,142556,2785537,96565,230282,174572,6041122,173760,5990552,155017,3151586,107506,267672,191698,6882406,190841,6827048,172306,3622098,122313,311109,201303,7356225,200502,7309850,179845,3808093,127339,336543,202500,7789219,202230,7746150,182147,4173732,132028,397772
"경기",남양주시,209875,6143416,209273,6107400,178777,2991432,105691,227836,220273,6807236,219536,6770298,189823,3402470,118101,273709,235910,7612175,235230,7571623,205893,3870509,133666,319678,248027,8253413,247227,8212193,218989,4235971,147443,354679,259854,8934751,259176,8893061,229096,4536044,155382,401027,270426,9713964,269908,9671856,240113,5103679,167557,480663
"경기",동두천시,30938,753826,30852,748185,26213,333468,15067,15805,31416,804852,31310,800016,26868,367935,16632,18740,31749,850953,31595,845323,27573,398267,17945,21459,32209,896988,32035,891626,28200,427435,18957,24035,32765,921803,32600,917088,28600,427610,18928,24457,33373,973307,33283,968299,29452,467620,20040,28147
"경기",부천시,313823,9125937,312782,9065738,269982,4498832,167051,336587,317454,9680039,316214,9621747,276246,4858799,177835,375120,321404,10188085,320237,10127255,283310,5189614,187123,408803,325798,10659954,324619,10601549,289866,5485248,197833,437828,324484,10831086,323418,10779258,287288,5461004,195456,453844,326896,11407755,326090,11355730,290911,5981918,204058,532914
"경기",성남시,370967,15753539,370185,15664383,326142,9521567,223629,1329050,369392,16629729,368502,16541932,327889,10247946,232006,1511429,375782,17507154,374999,17418515,336872,10882670,241829,1627606,386583,18538439,385745,18448794,349187,11550190,257017,1731067,390050,19574877,389321,19487216,352083,12205206,259496,1928825,396721,21530640,396131,21443204,360119,13930865,272740,2382459
"경기",수원시,467882,17506569,466397,17427388,408693,9768212,276180,1006635,474241,18623591,472602,18544153,418955,10567892,293398,1141136,485357,19884010,483881,19800361,433398,11457992,309019,1282965,496446,20619713,494957,20537329,446262,11831641,326595,1295672,502780,21691990,501599,21611417,451578,12459106,330819,1474880,521530,23931567,520391,23846620,470581,14277140,353517,1838686
"경기",시흥시,169279,4666247,168191,4639514,146775,2216559,92298,129212,184930,5483020,183809,5455943,162042,2698435,107394,183491,201725,6212916,200579,6180276,179425,3067512,120827,193037,217213,6973752,215965,6939565,194313,3490704,134899,230011,228522,7488034,227413,7453443,202450,3679826,140596,256899,232441,8010669,231806,7975474,208124,4094226,149136,310172
"경기",안산시,265036,7502998,264023,7461456,228829,3659728,145128,242797,260155,7752638,259050,7716098,227089,3875734,150714,272939,265834,8218480,264826,8179444,234726,4169994,158929,299009,272667,8730999,271719,8691711,242577,4467898,168548,322655,276152,8998279,275288,8958939,244706,4496550,169993,333552,279539,9457627,278866,9418851,249128,4890620,177830,385508
"경기",안성시,68267,1943613,67936,1932462,59604,945743,38950,58019,69552,2079882,69311,2069924,61309,1041169,42402,67200,71877,2240982,71627,2230201,64323,1136922,45260,75312,75088,2403732,74551,2392536,67291,1228522,48508,83118,77883,2553372,77393,2541824,69315,1291213,49980,91955,79365,2714688,79168,2703472,71363,1418263,52845,109014
"경기",안양시,225305,8024541,224456,7978367,197112,4338303,132044,409291,224858,8354813,224076,8310010,198693,4585107,137158,448741,227127,8785462,226432,8739004,203544,4894700,142759,495535,225747,8979071,225103,8933463,203392,5036368,146554,515814,227781,9325716,227185,9282508,205142,5164826,148211,547962,235921,10160176,235434,10116838,213170,5822286,158738,659508
"경기",양주시,72927,1859838,72644,1847743,62362,844826,36990,46933,75420,2023709,74998,2012094,65285,944888,40942,55178,80798,2269416,80487,2256037,71023,1080017,46493,64151,86200,2524391,85886,2509595,76356,1218491,51919,74898,89383,2697226,89097,2682639,78881,1280154,53268,83281,92267,2913799,92129,2899103,81850,1431463,56954,98525
"경기",양평군,28880,934928,28745,929782,24774,495909,15429,51601,29678,1006632,29515,1001585,25661,541878,16691,58355,31069,1088785,30998,1083324,27429,592240,18639,64173,32497,1165650,32329,1159961,28687,638829,19971,70755,34458,1257933,34322,1251692,30377,680824,21091,77663,35921,1369100,35877,1362896,31921,763905,22790,91459
"경기",여주시,34505,948834,34258,944080,29813,458057,18392,31470,35202,1010290,34910,1005678,30754,496016,19980,34298,36361,1092877,36027,1087436,32102,548959,21700,39462,37666,1173776,37318,1168496,33607,597589,23504,43370,38527,1244325,38251,1238814,34432,625167,24358,48133,39811,1335604,39758,1330746,35722,693483,25895,57306
"경기",연천군,13010,368749,12939,366281,11315,174818,7581,9600,12952,386623,12866,384376,11434,187286,7843,11101,13127,406413,13066,404043,11641,200606,8410,12191,13959,433135,13626,430090,12288,215074,9028,13298,14289,449993,14213,447318,12559,219514,9236,14163,14218,474941,14189,472302,12793,240569,9590,16632
"경기",오산시,83651,2608863,83366,2596168,73072,1304397,46885,91471,87693,2893828,87328,2880396,77343,1485779,52388,111981,93031,3169262,92688,3154682,83016,1644532,56909,125881,98384,3407873,98039,3393367,88236,1771600,62366,134629,100168,3553016,99921,3538918,89516,1824896,63443,147908,104018,3863124,103783,3848433,93218,2074019,68432,187340
"경기",용인시,365198,15173098,363721,15080230,321103,8759968,222205,1038605,380135,16539462,378478,16446578,337788,9700479,241549,1190530,402982,18031827,401439,17934503,360949,10666231,262678,1331987,422411,19243442,420491,19145308,379469,11389259,282289,1427213,432868,20337175,431177,20242737,387905,12022427,288266,1589946,441437,22290185,440551,22195226,399312,13691616,304241,1972412
"경기",의왕시,58959,2133084,58748,2120702,51654,1167680,34197,117856,58695,2216488,58521,2204934,51956,1233263,35506,129121,63107,2485552,62936,2473277,56459,1403334,39700,150572,67117,2742592,66915,2728426,60483,1556294,43429,169982,68389,2850366,68246,2836949,61409,1596733,43825,180578,68943,3020324,68811,3006698,62245,1751545,45690,211980
"경기",의정부시,142889,3823591,142462,3802057,121455,1771908,71052,106073,148147,4157464,147634,4135971,127746,1970823,78276,123715,156515,4578220,156082,4554810,136565,2212512,87404,142407,164586,4981198,164038,4955699,144818,2436056,96442,161101,169990,5260547,169592,5236171,148877,2521987,98752,175402,176307,5650359,175897,5624763,154735,2812982,105887,209158
"경기",이천시,78681,2762050,78442,2747380,69626,1504120,47639,139405,81272,2879176,81045,2864975,72390,1558245,51396,135941,85396,3335778,85191,3320138,77229,1906286,56367,199088,90337,3696189,90064,3681619,82083,2154145,61803,238741,94320,3689304,94113,3672687,85919,2023442,64516,190986,96645,4097216,96509,4080610,88329,2356763,68022,254646
"경기",파주시,159980,5063093,159558,5035335,139969,2549318,90595,191522,169230,5586039,168677,5557633,149397,2862837,100675,221945,175196,6033820,174611,6002584,156499,3152464,108493,254790,181781,6263100,181026,6226763,163364,3224031,115385,248977,190174,6609753,189476,6575881,169618,3341403,119141,265646,201130,7367551,200829,7332436,180621,3879788,129543,337576
"경기",평택시,178867,5808863,178075,5774764,156292,2992305,105629,224454,186182,6356196,185301,6323962,164481,3337680,116280,258340,198102,7020414,197363,6985459,177190,3728619,127117,292602,211984,7667941,211275,7632884,190167,4083876,139682,323332,231232,8417082,230630,8378796,205780,4398120,150856,357510,246416,9482896,246037,9443483,220789,5167890,166143,465580
"경기",포천시,56660,1341513,56192,1330969,48374,614174,30018,32733,57172,1438393,56438,1428228,49216,682232,32759,39227,58189,1542114,57584,1530308,51087,748191,35597,43695,59835,1660586,59251,1648956,53221,821444,38040,48518,61698,1754127,61391,1742359,54547,855326,38667,52692,61458,1828552,61269,1817543,54754,917817,39612,60245
"경기",하남시,82942,2864584,82814,2846178,71939,1517799,46030,143980,91721,3348151,91559,3327979,80680,1806417,54183,176904,104862,3955036,104683,3932121,93386,2163129,63878,214683,117413,4527216,117128,4504521,105223,2495418,73972,251737,129963,5310459,129803,5285588,116923,2928329,83174,315949,137013,5997639,136873,5970802,123782,3441956,90470,407253
"경기",화성시,289351,11358646,288474,11305947,258032,6399945,183816,652585,320571,13424608,319260,13368629,288474,7761112,213652,849965,355466,15449838,354374,15387681,322528,9017982,241412,1010224,382446,16510895,381154,16446290,348638,9464925,264658,993213,401794,18233860,400793,18169219,365782,10572816,278851,1233640,419662,20573468,418991,20509502,383144,12455586,298015,1627806
"강원",소계,462579,14119844,461079,14012111,401229,6985557,256040,496449,469971,14981942,468065,14876865,410962,7552025,273959,558976,486840,16065127,484568,15957490,429854,8219109,299712,621035,504341,17144070,500939,17032439,448171,8841082,322179,682581,518644,17934636,515885,17826893,459400,9088911,329415,726248,537251,19034513,536196,18923087,479112,9875631,347331,815870
"강원",강릉시,63517,1890042,63255,1878289,54505,942436,33262,72841,63999,1986223,63814,1974576,55414,1007199,35820,79827,67392,2162889,67034,2150149,58835,1114395,40138,90030,69500,2295783,69138,2283387,61362,1185759,42788,95898,71391,2425463,71010,2412937,62798,1237687,43899,105057,73049,2550624,72851,2537823,64962,1330346,46053,115991
"강원",고성군,7598,204020,7575,202865,6466,96051,4203,5827,7810,224500,7793,223310,6755,109226,4552,7390,7838,232345,7814,231189,6787,115241,4840,7812,7632,238074,7608,237063,6803,120149,4975,8717,8118,257399,8103,256401,7290,127298,5245,9332,8657,279497,8646,278379,7712,140549,5591,10394
"강원",동해시,27265,890536,27223,879785,24087,443224,15718,30695,27245,925233,27195,914631,24207,468744,16484,34037,28035,987052,27976,976439,25139,508823,18094,38207,28990,1050923,28839,1040199,26046,548588,19209,42953,29672,1092166,29604,1082083,26651,557031,19548,44973,30836,1153270,30766,1142438,27682,603705,20518,50694
"강원",삼척시,18837,600455,18790,593725,16290,302635,10684,21692,19358,638838,19311,632413,16894,326050,11692,23603,19678,669945,19633,663458,17308,344860,12332,25117,19514,688283,19416,681878,17285,359761,12696,27471,19399,700592,19366,694503,17214,362940,12593,29405,20104,735097,20084,729086,17799,387674,13125,32002
"강원",속초시,23984,672799,23937,668259,20775,318045,12461,20147,24361,716837,24299,712658,21332,348694,13501,23775,25661,782751,25600,778213,22723,386646,15519,26543,26893,849218,26824,844523,23938,422676,16895,29878,27811,891453,27766,886942,24726,434634,17372,32049,29130,955404,29093,950034,25841,478522,18489,36729
"강원",양구군,7164,227233,7133,225921,6469,109577,4581,6354,7066,235992,7041,234893,6442,115965,4695,7135,7193,246770,7167,245519,6553,123179,4928,7925,6976,248689,6953,247463,6436,125989,5018,8408,7187,253425,7177,252156,6549,125210,4979,8632,7211,258953,7198,257487,6605,130650,5047,9242
"강원",양양군,6621,185855,6539,184659,5688,89291,3480,5851,6970,200665,6822,199519,5901,99692,3872,7300,7261,222268,7202,220764,6299,112175,4341,8264,7591,241292,7474,239758,6683,122946,4780,9118,7911,250832,7755,249480,6898,124516,4936,9192,7927,262555,7913,261261,7062,133990,5056,10411
"강원",영월군,10151,313216,10129,311245,8843,157259,5831,11304,10315,332504,10288,330465,8962,171380,6075,13429,10443,347151,10407,344854,9195,179429,6538,13575,10545,366953,10517,363565,9395,191603,6904,14911,10614,374101,10596,371707,9458,192826,6951,15474,11102,392250,11067,389686,9949,204362,7246,16518
"강원",원주시,112244,3472557,112092,3445778,97359,1737254,61965,129311,114751,3725573,114394,3700290,100562,1899682,66927,146165,120663,4048966,120103,4025552,106656,2093292,73614,164321,126864,4380867,126321,4357555,112978,2277983,80575,181615,131668,4617536,130988,4593053,116573,2356667,82886,193333,138028,4994239,137834,4968859,123000,2621250,88900,224149
"강원",인제군,9788,317515,9712,315373,8651,155371,6151,9913,9950,332212,9839,330001,8808,165103,6425,11087,10042,348723,9961,346396,9002,176120,6849,12142,10535,371500,10436,369506,9485,189562,7415,13516,11225,401452,11153,399240,10105,200102,7912,14514,11567,426760,11551,424120,10532,216188,8270,16098
"강원",정선군,10566,309971,10537,306081,9034,151597,5836,9957,10551,325107,10531,321230,9183,161393,6083,10934,10837,339299,10813,334998,9413,169900,6507,11358,10894,360452,10875,355050,9647,182196,6995,12392,10747,354902,10717,351130,9403,174468,6759,11656,10877,371820,10853,367440,9712,188427,7040,13177
"강원",철원군,13394,399952,13321,397843,11800,189283,8145,10349,13270,418227,13192,416057,11832,202211,8341,11980,13281,434203,13220,432081,11968,213458,8731,13063,13298,450611,13236,448175,12051,223930,9080,14183,13221,458494,13176,456058,11962,224252,8992,14976,13253,472192,13218,469823,12048,237952,9150,16906
"강원",춘천시,89168,2789301,88894,2773482,77429,1392354,48460,102619,91628,2997277,91393,2981166,80323,1522472,52678,116915,94946,3225268,94650,3207977,84404,1663319,58213,129770,99263,3468477,98492,3449535,88679,1802711,63287,143011,103358,3676298,102747,3656930,91784,1879768,65615,154780,108423,3927576,108159,3908044,96901,2049387,69958,173680
"강원",태백시,14301,485482,14283,475037,12780,245029,8658,17100,14190,487246,14131,477136,12572,247289,8733,17387,14187,502432,14146,492679,12809,257833,9185,18283,14158,514446,14125,505102,12646,267592,9297,20016,14090,509222,14072,501110,12558,258319,9084,19412,13956,513649,13934,505374,12615,264430,9155,20118
"강원",평창군,10392,286989,10365,285818,8684,141129,5362,10499,10356,296735,10287,295602,8718,147581,5590,11006,10991,322335,10850,320935,9105,164861,6170,14143,11146,336183,10855,334652,9233,173913,6424,15548,10939,343227,10774,341906,9254,174184,6425,15486,11285,367531,11256,366458,9739,191640,6908,17790
"강원",홍천군,17758,506072,17726,503420,15232,243556,9762,15674,18077,537900,17950,535071,15671,264957,10396,18035,18262,567410,18105,564122,16087,284586,11150,19777,19527,616392,19131,612430,17046,312091,12273,22568,19941,637117,19731,633407,17381,316508,12424,23630,20305,655654,20267,652365,17863,332474,12735,24874
"강원",화천군,8635,270089,8458,268633,7552,130940,5667,7508,8315,272125,8084,270973,7297,134672,5603,8329,8068,275497,7905,274031,7093,138763,5579,8972,8608,294009,8422,292514,7582,147741,5978,9663,8536,297547,8372,296039,7573,147806,5965,10137,8320,299384,8309,298225,7437,152468,5962,10770
"강원",횡성군,11196,297761,11110,295897,9585,140525,5814,8807,11759,328745,11701,326875,10089,159715,6492,10641,12062,349823,11982,348133,10478,172228,6984,11733,12407,371919,12277,370083,10876,185889,7590,12715,12816,393410,12778,391810,11223,194693,7830,14212,13221,418057,13197,416187,11653,211616,8128,16327
"대전",소계,510344,17239731,508431,17116295,443346,9070643,283003,790725,513492,18001852,511401,17876619,450444,9592554,298396,858978,527312,18965215,524796,18833973,465508,10208477,315466,928545,543143,19967252,540311,19831575,481804,10807655,336156,1001190,551733,20606066,549168,20471407,487802,10953125,339731,1044106,565566,21823496,564029,21686690,503202,11901819,357615,1181144
"대전",대덕구,63619,1799223,63358,1788417,54512,876877,33086,58222,63060,1856372,62786,1846672,54830,918168,34963,61686,63656,1924661,63338,1914299,55779,965369,36473,66036,64126,2008626,63723,1998174,56679,1017723,38607,70711,65908,2097873,65549,2087446,58057,1039256,39375,74951,67644,2236633,67509,2225946,60151,1142700,41971,86456
"대전",동구,70027,1844297,69783,1832866,59465,859168,34486,51132,70391,1938560,70046,1927792,60320,923155,36821,57068,73368,2098661,73000,2086325,63459,1016438,40274,64575,73886,2187221,73428,2174947,64324,1072332,42591,69731,76205,2321105,75803,2308986,66214,1115888,43878,76030,77410,2436802,77257,2424995,67808,1208442,45967,85984
"대전",서구,168537,5601023,167941,5564113,145878,2915144,92172,245489,170449,5876253,169785,5839477,149305,3094645,97991,265710,175343,6211535,174567,6172480,154605,3300909,104045,286930,181012,6544804,180258,6505297,160628,3498287,111138,310571,182982,6720671,182257,6681756,161665,3528990,111681,324373,187195,7080401,186658,7040796,166411,3812027,117141,365068
"대전",유성구,130367,5706405,129857,5656542,116794,3284923,83074,351196,131984,5953730,131478,5899565,118851,3457792,86407,381448,136053,6231575,135336,6176336,122762,3647617,89857,410132,143730,6603505,142885,6544625,129538,3863694,96117,440656,145761,6782051,144948,6722223,131218,3910732,96999,455115,151086,7235280,150548,7174099,136427,4260925,102389,514155
"대전",중구,77794,2288782,77492,2274356,66697,1134531,40185,84686,77608,2376938,77306,2363113,67138,1198795,42214,93066,78892,2498782,78555,2484533,68903,1278145,44817,100872,80389,2623096,80017,2608531,70635,1355620,47703,109522,80877,2684366,80611,2670996,70648,1358258,47798,113637,82231,2834380,82057,2820855,72405,1477726,50147,129480
"충북",소계,541801,16992137,538867,16887404,474167,8657552,313457,646543,554127,18153871,550919,18055333,488999,9415694,337931,725183,576365,19767930,573187,19660048,514003,10456042,365747,842805,598668,21245307,594424,21135532,536870,11365572,392628,952049,611921,21990307,608356,21879004,546814,11488453,399546,959188,626787,23547939,625268,23436841,565306,12710132,421320,1133562
"충북",괴산군,9376,255165,9078,253439,7830,125204,5009,8305,9566,271894,9207,270312,7978,137170,5367,10006,9802,291662,9619,289984,8411,148682,5812,10711,10145,302544,9797,300533,8611,155004,6111,11217,10209,311463,9803,309600,8659,158146,6170,11713,10048,329788,10024,328189,8941,172396,6502,13542
"충북",단양군,7637,219082,7597,218053,6628,107295,4155,6715,7881,235306,7828,234292,6853,117519,4575,7676,7938,241878,7769,240755,6945,121623,4773,7950,8151,253589,7978,252337,7147,128583,5044,8593,8127,257085,7957,255894,7037,128215,5060,9050,8095,265820,8086,264809,7205,136773,5222,10158
"충북",보은군,8082,216295,8035,215050,6765,103703,4147,6696,7889,229385,7814,228322,6926,113575,4527,7668,8371,243539,8295,242335,7098,122169,4893,8505,8766,256171,8696,255107,7311,130337,5141,9299,8109,257613,8038,256543,7249,129526,5131,9577,8468,274839,8445,273904,7619,141430,5488,10658
"충북",영동군,12372,343485,12237,341412,10372,165363,6389,10454,12267,353206,12227,351381,10287,173509,6726,11094,12299,367873,12256,365702,10422,183106,7080,12139,12352,382836,12012,380372,10575,193667,7376,13330,12134,383020,11844,380790,10371,191186,7237,13834,12251,397576,12197,395730,10760,201851,7558,14409
"충북",옥천군,14000,370936,13955,368573,12054,174396,7164,10037,14176,394699,14127,392499,12294,190028,7795,11534,14352,421590,14233,419200,12600,207704,8388,13178,14796,447095,14475,444398,12936,223162,8808,14826,14860,459619,14650,457120,12959,226532,8998,15657,15044,483968,15011,481397,13377,243735,9312,17241
"충북",음성군,39281,1049535,39134,1040936,34849,505843,23596,27503,39804,1122035,39636,1114660,35502,557077,25292,32124,40809,1207414,40661,1199318,36950,612761,26926,36986,41551,1277337,41319,1269831,37859,657648,28227,39987,41090,1313447,40964,1305685,37333,670979,27918,43461,41535,1392531,41474,1385443,38024,733926,28839,52454
"충북",제천시,39636,1156405,39494,1149992,34284,568938,21425,38097,39824,1228746,39680,1222751,34812,619507,22842,44150,41359,1313201,41195,1306880,36466,667738,24882,47933,42278,1398072,41888,1390749,37736,720345,26854,52936,42842,1437308,42667,1430591,38152,723428,26920,54097,43854,1517545,43736,1510828,39232,787738,28280,62628
"충북",증평군,13432,394905,13287,391572,11807,189461,7815,10886,13522,415890,13382,412840,12003,204050,8329,12388,13746,445152,13688,441795,12400,223537,8905,14160,14332,470351,14199,466422,12851,236443,9496,14994,14476,483791,14345,480324,12948,240133,9548,16027,15090,523448,15064,519411,13698,266230,10175,18442
"충북",진천군,30791,858738,30305,851718,27122,417582,18211,23746,33260,991590,32771,984845,29529,495272,20789,29888,36095,1141878,35622,1134503,32581,583505,23552,37153,38125,1248511,37664,1240756,34606,643779,25680,41939,39777,1344424,39371,1335931,35954,684857,26845,46025,40562,1442732,40520,1434419,37252,758426,28380,54725
"충북",청주시,301955,10214780,300732,10157190,265507,5366605,179215,442347,308558,10836096,307178,10781117,273635,5774188,191733,487353,321706,11848642,320462,11787788,288092,6451006,207462,575268,335500,12794089,334199,12733063,301943,7045387,223325,658554,345730,13224584,344400,13161400,310007,7075221,228438,647227,355822,14227104,354881,14163364,320779,7867802,241171,771060
"충북",충주시,65239,1912810,65013,1899470,56949,933160,36331,61757,67380,2075025,67069,2062315,59180,1033800,39956,71301,69888,2245101,69387,2231789,62038,1134211,43074,78823,72672,2414711,72197,2401962,65295,1231217,46566,86372,74567,2517951,74317,2505126,66145,1260230,47281,92519,76018,2692588,75830,2679348,68419,1399825,50393,108246
"충남",소계,693654,23088284,688838,22958927,605660,12105149,406904,972177,708845,24891625,703858,24770191,623432,13378001,435072,1165049,732837,26478590,727653,26349648,651757,14294827,467504,1215429,755799,27671440,749241,27544099,675280,14908592,495518,1251852,773718,28969866,767234,28840453,689539,15477652,504970,1379197,790752,31414572,788708,31289836,712454,17501015,532792,1741343
"충남",계룡시,14644,614952,14613,607160,13027,327798,9298,27783,14671,642704,14633,635486,13172,348577,9638,31013,14739,666697,14699,659482,13341,367650,10038,34039,15329,693988,15256,688507,13901,385090,10666,36416,16072,723931,15994,716205,14487,393961,11082,38075,16880,773302,16851,765597,15314,427850,11867,41541
"충남",공주시,30353,876200,30119,871224,25919,434392,16401,29451,30857,945336,30609,940478,26622,483688,17660,39793,31715,988342,31552,983598,27770,502989,19068,35264,32319,1032997,32016,1027820,28430,529492,19976,37865,33089,1060284,32873,1055135,28689,531505,19988,38937,33230,1106228,33177,1101676,29424,573282,20748,43547
"충남",금산군,12232,335994,12141,334166,10525,162209,6484,10134,12279,348679,12201,346848,10634,170771,6776,11032,12679,371358,12583,369426,11125,185234,7377,12346,12988,393318,12888,391433,11415,198777,7803,13340,13103,408289,13026,406665,11580,203953,7937,14418,13265,424102,13228,422540,11833,216658,8212,15562
"충남",논산시,32241,870551,32109,863528,27482,411759,16706,24280,32557,917603,32411,910928,27816,444556,17687,27719,33360,990029,33183,982400,29063,489361,19511,30912,34018,1034538,33589,1027604,29743,515798,20524,33504,34385,1070466,33973,1062987,29930,525775,20746,35458,34721,1121316,34659,1114184,30829,565593,21723,39481
"충남",당진시,56891,1990227,56494,1981507,50431,1051867,35773,79013,57959,2048715,57499,2040209,51600,1076090,36854,79904,59565,2258880,59167,2250470,53816,1231500,40863,94723,61268,2306354,60564,2297658,55290,1239927,42002,95129,62375,2362939,61773,2354859,56387,1245619,42154,99178,63928,2597364,63816,2589804,58175,1442239,45116,129118
"충남",보령시,28583,852415,28341,845343,24361,429803,15471,31298,28942,890902,28746,884814,24819,454557,16349,33754,29342,949815,28994,943577,25616,493799,17683,37749,31056,1011389,30506,1004894,26849,526766,19108,40693,31258,1043664,30708,1037148,27312,533200,19235,42289,31071,1074377,31019,1068790,27723,562061,19770,45715
"충남",부여군,15843,422577,15706,420189,13072,204556,7949,12807,15891,440734,15784,438540,13222,217574,8394,14239,16195,457363,15728,454555,13354,228779,8866,15198,16198,475413,15828,472561,13567,238700,9246,15863,16463,491410,15759,488693,13774,244373,9394,17150,15853,505384,15810,503310,14005,256384,9676,18395
"충남",서산시,54155,2079224,53766,2067436,47839,1155260,33806,112556,56097,2223965,55679,2213212,49906,1249186,36025,126279,58470,2392346,58036,2381450,52532,1355497,39187,136219,60931,2499509,60369,2489720,54850,1406515,41948,137092,62732,2579300,62324,2568497,56586,1421196,42981,136635,64293,2813720,64142,2804130,58485,1622981,45364,175740
"충남",서천군,12428,362458,12376,360310,10768,179412,7005,11199,12221,369742,12173,367969,10709,185214,7076,12003,12063,385553,12019,383766,10673,198203,7389,13693,12387,402271,12178,400167,10865,208754,7613,15056,12808,413858,12760,411943,11140,210670,7705,15692,12937,425606,12913,423506,11412,220133,7915,16662
"충남",아산시,119789,4321241,119216,4301224,106065,2346476,73890,203710,120935,4649850,120337,4631458,107431,2606241,77975,253440,125439,4878239,125028,4859195,112636,2710211,82869,248927,128723,5012543,128146,4992938,116188,2761708,87050,244309,135691,5460335,135223,5440048,122385,3007405,91508,290095,142299,6189329,141960,6168020,128961,3585518,98632,403570
"충남",예산군,21388,576670,20859,572256,18143,280497,11542,17194,22024,618693,21283,614552,18683,307621,12505,19324,22559,667882,22012,663922,19522,337924,13509,21936,23117,703036,22576,699529,20187,358834,14319,23254,23324,717268,22715,713364,20312,358233,14344,23603,23555,772412,23503,769309,21245,397889,15267,27723
"충남",천안시,244323,8288006,242892,8246262,214740,4379878,145040,361890,253009,9207333,251660,9167589,224605,5031862,158604,459411,263292,9761768,261851,9716972,235828,5316600,168775,470485,272761,10302347,271579,10256880,245925,5607528,180742,490863,276582,10743558,275200,10699680,247967,5832542,182658,552235,282301,11620517,281438,11577343,254701,6585897,191675,699810
"충남",청양군,7176,202238,7151,201495,6174,99270,3927,6576,7427,214388,7399,213647,6316,106928,4180,7175,7803,229246,7768,228531,6512,116262,4531,8187,7610,235160,7455,234210,6590,120355,4756,8310,7781,244613,7632,243571,6652,123697,4753,9047,7882,256403,7869,255514,6920,131748,4857,9750
"충남",태안군,14470,425301,14133,421853,12074,214840,7543,15993,14497,454345,14358,451136,12302,235551,8235,18449,14921,482294,14657,479172,12818,251808,8864,19551,15511,509431,15050,506578,13356,267615,9542,21460,15702,528886,15284,526138,13594,276218,9702,23373,15814,559021,15764,556483,14008,298790,10268,25928
"충남",홍성군,29138,870231,28922,864975,25040,427133,16069,28294,29479,918636,29086,913325,25595,459585,17114,31515,30695,998778,30376,993130,27151,509012,18974,36199,31583,1059146,31241,1053601,28124,542735,20223,38698,32353,1121066,31990,1115519,28744,569307,20783,43011,32723,1175489,32559,1169631,29419,613992,21702,48801
"세종",소계,103638,4066823,103400,4029144,92555,2141398,66007,173312,119289,4941608,119008,4900196,107414,2657456,79105,229016,133042,5710701,132736,5664460,120567,3106202,90264,279047,143648,6352334,143285,6303869,130568,3485864,100430,325721,155557,7077618,155189,7024024,140947,3859243,108765,378736,165244,7855026,165043,7798800,150422,4400175,117473,459812
"광주",소계,480131,15335688,477330,15232105,415049,7877789,255246,664122,486820,16194312,484241,16095322,425513,8420775,272504,729953,503692,17311829,501046,17209276,445569,9089996,296026,801321,522020,18431140,519376,18328158,464736,9745092,318565,873191,533009,19257131,530302,19158764,472008,10050464,325845,947574,545863,20516786,543588,20414118,487001,11027169,343385,1094131
"광주",광산구,142716,4548955,141841,4516283,124115,2288480,76648,175042,145338,4783200,144628,4753683,127659,2430859,82086,188138,151005,5116642,150238,5085640,134271,2624150,89149,205038,157345,5474694,156381,5443628,140577,2832003,96282,226133,159796,5726068,158821,5695829,142375,2936113,98367,253437,163352,6106716,162662,6075417,146632,3238446,103486,299881
"광주",남구,67147,2229297,66780,2213651,58352,1173956,35797,110579,67375,2340539,66987,2325824,59112,1247498,37858,121299,70293,2541730,69915,2526294,62411,1371397,41806,137002,72046,2673078,71686,2657386,64318,1447296,44328,145904,74567,2836085,74202,2821067,66232,1517779,45849,159131,76675,3032344,76323,3017245,68506,1666378,48398,182947
"광주",동구,28546,883860,28357,877398,24019,463777,15115,43543,28388,949175,28217,943494,24542,508839,15947,50704,31305,1105388,31123,1099237,27419,600369,18675,60651,34291,1247189,34098,1240239,30286,677066,21230,67896,36542,1358721,36333,1351308,32125,723050,22823,71682,38685,1522431,38478,1513973,34413,837441,24848,90748
"광주",북구,140116,4229486,139349,4201119,120671,2119192,72522,163965,143316,4507653,142583,4479215,124836,2286022,78265,180543,146324,4739791,145591,4711130,128835,2423518,84033,192265,150778,5024059,150145,4995362,133862,2590134,90448,209575,153001,5223481,152362,5197163,135473,2651000,92035,226370,156646,5520116,156084,5492381,139182,2880462,96734,255083
"광주",서구,101606,3444090,101003,3423654,87892,1832384,55164,170994,102403,3613745,101826,3593106,89364,1947557,58348,189269,104765,3808279,104179,3786975,92633,2070562,62363,206365,107560,4012119,107066,3991543,95693,2198593,66277,223684,109103,4112775,108584,4093397,95803,2222523,66771,236955,110505,4335180,110041,4315102,98268,2404441,69919,265472
"전북",소계,532182,16156015,528074,16053285,459591,8073931,279416,574748,534823,16970546,530481,16874242,465918,8638812,296318,641210,549001,18034234,544661,17935499,484112,9297546,320283,709897,566545,19057443,561822,18958583,501916,9883421,342547,762380,580604,19821605,576086,19721573,512097,10098801,348984,809538,591154,20949342,589626,20849826,527787,10970678,365763,918060
"전북",고창군,11604,323424,11542,321487,10016,155120,5840,9785,11706,341531,11655,339670,10155,167974,6216,11244,11858,360399,11794,358463,10440,180251,6776,12274,12082,380465,12010,378354,10768,192163,7169,13258,12175,393646,12104,391427,10801,196265,7228,14516,12607,412658,12570,410616,11052,210647,7500,16369
"전북",군산시,83629,2690361,82913,2673341,73074,1371492,46887,99683,82620,2769001,81816,2752624,72454,1438231,48115,110536,84818,2879155,84166,2862566,74898,1499858,50817,116335,86597,2967283,86011,2951252,76870,1539398,53497,116736,88289,3058065,87551,3041785,78151,1562170,54401,122263,90752,3276933,90585,3260144,81109,1730804,57238,145237
"전북",김제시,21611,540959,21239,537055,17764,252108,10444,13779,21602,572392,21126,568761,17962,274032,11150,15925,21969,612900,21595,609174,18781,300060,12283,18160,22560,641577,22254,637659,19262,316693,12843,19228,22550,657944,22309,654460,19360,319796,12918,20237,22937,699163,22890,696162,20214,347890,13599,22771
"전북",남원시,19602,527336,19273,523631,16389,249239,9286,15015,19794,553638,19397,550279,16748,267327,10001,16917,20255,589628,19832,586503,17416,289057,10994,18501,21446,639372,20875,635900,18505,316595,12144,20943,21872,668099,21444,664746,19053,325958,12439,22684,22079,701227,22007,698292,19740,350920,12884,24975
"전북",무주군,5696,149872,5660,149071,4579,70047,2628,4086,5621,157997,5580,157253,4646,76082,2842,4751,5919,170376,5775,169597,4902,83527,3175,5379,6091,181302,6026,180322,5278,88777,3454,5588,6071,188328,6036,187496,5190,91799,3470,6342,6270,199500,6258,198702,5495,99628,3650,7098
"전북",부안군,12194,317514,11907,315150,10199,148057,5830,8434,12145,331069,11849,328758,10267,157665,6085,9486,12362,347160,12094,344926,10488,168389,6732,10157,12395,360769,12116,358681,10625,176973,7034,10793,12791,367207,12439,365236,10849,174426,6973,10960,12811,386254,12767,384558,11187,188836,7332,12256
"전북",순창군,6711,182211,6454,181144,5599,85986,3269,4992,6791,194811,6610,193816,5775,93995,3496,5624,6719,202051,6499,201028,5761,99455,3720,6247,6748,211619,6576,210561,5831,106354,3878,7173,6493,213070,6466,212077,5801,105553,3895,7413,6662,221371,6643,220419,5956,111507,4038,7720
"전북",완주군,27559,847436,27346,842638,23949,422727,14592,28593,27309,870082,27025,865880,23863,441897,15302,30775,27341,894597,27099,890325,24278,458219,16006,31960,28222,943379,27880,939242,25026,488714,16992,35231,29138,976449,28681,971690,25602,493317,17255,36654,29826,1046956,29736,1042234,26783,544942,18430,41958
"전북",익산시,90373,2587249,89479,2565818,77442,1254216,46263,81712,89928,2691925,88968,2672555,77823,1333128,49124,90741,90502,2812644,89528,2792499,79387,1411615,51819,98297,91489,2926014,90300,2906233,80911,1483622,54397,105728,92943,3017930,91883,2998438,81677,1499834,54313,111702,93586,3171183,93112,3152066,83394,1623493,56998,126238
"전북",임실군,6549,187954,6514,186848,5696,90147,3387,5264,6549,196526,6506,195493,5732,96605,3620,5989,6563,203868,6529,202810,5822,101546,3861,6403,6740,208994,6697,207834,5894,104186,3968,6615,6637,211838,6591,210665,5805,104832,3916,7310,6690,220045,6678,218976,5905,111992,4029,8181
"전북",장수군,4923,136254,4878,135480,4263,64760,2422,3795,4910,145043,4887,144480,4324,70808,2608,4473,5112,155426,5064,154763,4533,77403,2905,5059,5277,158414,5215,157814,4540,78746,2971,5122,5231,162339,5217,161749,4561,79448,3013,5225,5370,170100,5357,169513,4695,84954,3182,5626
"전북",전주시,207708,6749441,207150,6712023,181699,3479286,111758,274388,211757,7182213,211100,7146256,186759,3759141,119810,307354,220409,7766352,219817,7729611,196715,4117991,131346,349756,230833,8334167,230229,8297451,206663,4440697,142968,381014,239207,8764483,238569,8726827,212890,4586868,147679,406816,244060,9247074,243612,9207646,219107,4962848,154436,457722
"전북",정읍시,28242,754933,27986,749245,24003,353562,13944,20579,28258,792796,28180,787565,24394,377817,14868,22072,29187,857921,28956,852295,25491,419855,16524,25569,29918,914549,29696,908709,26415,454980,17681,28642,30892,947077,30615,940722,26952,461376,17897,30648,31322,995373,31252,989762,27654,499238,18731,34410
"전북",진안군,5781,161071,5733,160353,4919,77183,2866,4643,5833,171522,5782,170852,5016,84108,3081,5323,5987,181757,5913,180939,5200,90319,3325,5801,6147,189541,5937,188571,5328,95522,3551,6310,6315,195131,6181,194256,5405,97158,3587,6769,6182,201505,6159,200738,5496,102978,3716,7499
"전남",소계,501376,16096778,497522,15962527,432525,8231775,266747,661465,506719,16787250,502844,16659879,439565,8687082,281136,717543,521706,18037921,517953,17911367,458032,9528775,307495,817246,543939,19190602,538188,19068531,480447,10177355,332827,872991,555960,20057729,550900,19939347,492024,10480405,343898,923616,569284,21380748,567996,21258430,509784,11501249,361599,1074309
"전남",강진군,7826,223177,7798,221633,6667,107881,3878,6677,7808,232384,7781,231075,6701,114819,4097,7527,7893,241832,7863,240736,6829,120842,4388,8162,8103,254427,8071,253228,7092,127872,4700,8655,8242,262327,8219,261341,7196,130195,4888,9047,8262,275159,8242,274142,7398,139808,5113,10058
"전남",고흥군,11511,310466,11445,307881,9767,145300,5478,8864,11690,324897,11626,322388,9933,155472,5980,9730,12032,348562,11864,346112,10333,170283,6540,11245,12329,363292,12077,360788,10593,179229,6915,11770,12401,378642,12282,376337,10807,184903,7194,12696,12602,394662,12559,392503,11110,197194,7473,13651
"전남",곡성군,6881,209627,6799,208632,5869,104451,3591,7401,6815,219181,6775,218154,5945,111587,3807,8442,6804,223693,6714,222546,5945,115247,3991,9019,6933,227809,6817,226656,6067,117444,4210,8875,7001,235925,6925,234832,6154,119965,4252,9475,7178,246910,7159,245954,6396,128357,4454,10006
"전남",광양시,48684,1826949,48444,1812436,42840,982806,28227,87734,49570,1918051,49297,1904455,43794,1043637,30081,95861,51007,2092384,50803,2078994,45525,1174540,32811,114231,53016,2200508,52773,2188822,47685,1233963,35280,120211,53552,2277933,53306,2263423,48167,1262977,35976,125613,56902,2553398,56798,2533384,51491,1477165,38982,164177
"전남",구례군,6344,175013,6129,173896,5301,84306,3012,5425,6448,179726,6281,178661,5296,87563,3191,5762,6365,187339,6168,186255,5408,92811,3398,6245,6416,191378,6166,190333,5456,95315,3602,6292,6427,196363,6303,195458,5475,96856,3608,6882,6158,202566,6142,201814,5499,102925,3697,7624
"전남",나주시,32194,985544,31801,974279,27438,487473,17244,34286,34837,1092298,34182,1083213,29719,546758,19313,38919,36792,1194323,36240,1184685,31854,605114,21593,43367,38318,1284259,37654,1274656,33419,656497,23260,48347,40252,1397315,39613,1388062,35282,709556,24626,55741,40724,1480808,40568,1472315,36492,770316,25961,62707
"전남",담양군,12205,355215,12024,351769,10316,176040,6370,12493,12168,370327,12089,367184,10446,187368,6843,13642,12424,393894,12380,390618,10903,202238,7400,15203,13252,419001,12796,415455,11382,216972,7942,16897,13676,456484,13426,453095,11932,235931,8381,19726,13609,478750,13575,475256,12212,253448,8680,21933
"전남",목포시,67586,1940025,67446,1923748,58137,931875,33297,62006,66981,1944221,66808,1927677,57709,930477,33495,61761,67835,2050392,67587,2033854,59097,1000156,36422,67925,69030,2171770,68778,2155579,61100,1075729,39705,76260,69092,2190236,68883,2174208,60756,1055173,39725,75439,71178,2315775,71019,2299045,63096,1146211,41927,84937
"전남",무안군,21896,719928,21752,714430,18940,358750,11925,25037,22043,736182,21910,731181,19279,365634,12253,25314,22880,791392,22803,786077,20174,401790,13507,29375,25722,928691,25561,922868,22883,478249,16001,36423,29323,1099846,28974,1093081,26202,557609,18601,44188,30401,1186798,30341,1179420,27542,615430,19622,51550
"전남",보성군,8509,232911,8393,231507,7072,111345,4144,6886,8363,240988,8240,239628,7153,117520,4348,7618,8295,248494,8179,247200,7208,123537,4578,8511,8562,258333,8352,256888,7292,129679,4791,8969,8623,263930,8388,262650,7389,130932,4818,9600,8437,271220,8410,270122,7436,137535,4915,10427
"전남",순천시,83134,2840272,82555,2818795,72417,1478661,45086,125097,85436,3035101,84846,3014359,74945,1606448,48573,141711,89200,3313513,88484,3293010,79164,1791614,54079,162501,93636,3560435,93041,3539796,83757,1925704,58909,175307,96218,3729809,95520,3710224,85829,1988867,61274,186137,98010,3958663,97828,3939836,88358,2174775,64007,215522
"전남",신안군,7469,220842,7325,218854,6419,106412,3923,6284,7353,225273,7228,223611,6289,110866,4073,7050,7505,236305,7355,234567,6464,118469,4340,7839,7408,241732,7376,240212,6485,122268,4461,8252,7561,255583,7436,254087,6660,128230,4698,9158,7903,270261,7887,268726,7063,136550,4884,9882
"전남",여수시,81817,3074018,81514,3045526,71969,1707219,46734,178116,82338,3207348,82074,3180100,72854,1807095,49163,193712,84992,3439754,84718,3413510,75834,1973249,53013,220939,89624,3618948,89243,3596133,80158,2062945,57157,224384,90887,3724350,90693,3705648,81574,2083025,58680,227439,93774,3979147,93605,3959666,84235,2294814,62003,265831
"전남",영광군,12671,401645,12531,399029,10825,207987,6636,16856,12807,423868,12612,421222,11068,222337,7108,18401,13229,454928,13102,452355,11678,240844,7869,19912,13895,479495,13523,476738,12086,255431,8464,21381,14096,502173,13735,498935,12368,265865,8692,23754,14515,537988,14487,534949,13028,287982,9146,25896
"전남",영암군,17522,490289,17337,487574,14967,242535,9462,15050,16539,452004,16259,449565,13979,217127,8807,12084,17323,489315,17270,486512,14673,241639,9608,14467,18152,533203,18044,530040,15721,267905,10681,16616,18026,544657,17892,541601,15712,271005,10862,17376,18318,575359,18283,572492,16122,294770,11464,20059
"전남",완도군,9258,254758,9212,251277,7853,119780,4510,7232,9404,270842,9365,266837,8011,130721,4887,8404,9694,289848,9649,286051,8391,142627,5391,9436,10012,311826,9969,308429,8848,155934,5884,10550,10222,319273,10185,316080,9067,157044,6001,10920,10328,330748,10292,327611,9150,166492,6054,12096
"전남",장성군,12403,362492,12332,359582,10567,177176,6662,11554,12566,385941,12436,383175,10843,192647,7165,13341,13231,422447,13128,419362,11615,214236,8129,14951,13286,435066,13015,431838,11725,223238,8324,16081,12912,435070,12760,432401,11473,221001,8176,16876,13082,454954,13058,452507,11780,236341,8478,18337
"전남",장흥군,8301,236853,8273,235196,7147,113910,4252,6887,8362,244257,8331,242652,7211,119002,4352,7622,8516,262166,8476,260505,7521,130215,4807,8598,8525,272704,8498,271175,7554,136978,5037,9209,8643,280235,8614,278904,7704,139371,5122,10040,8670,287113,8647,285801,7797,145173,5174,10427
"전남",진도군,5498,158319,5482,157453,4687,76117,2842,4719,5477,163706,5456,162878,4715,79675,2947,5043,5660,174338,5633,173612,4934,86273,3231,5619,5920,184498,5904,183824,5214,91517,3461,5848,6180,199069,6164,198356,5479,97792,3752,6542,6359,209390,6349,208542,5658,104935,3919,7129
"전남",함평군,7327,209011,7293,207485,6286,101598,3760,7092,7447,218743,7409,217345,6409,108008,4021,7703,7500,229750,7465,228317,6615,115162,4289,8214,7691,238361,7585,236798,6729,121126,4408,8897,7690,240614,7556,239310,6677,120957,4360,9393,7793,249654,7765,248233,6871,127874,4602,10052
"전남",해남군,14388,383000,13957,379892,11966,179894,6932,11234,14303,393238,14168,390333,11931,188149,7152,12294,14528,422327,14319,419767,12230,207800,7936,14276,15337,451975,14648,449556,12882,224185,8690,15244,15594,467739,15100,465366,13254,228855,8873,16425,15384,485150,15349,483376,13575,242295,9169,17620
"전남",화순군,17952,486422,17680,481653,15075,230260,8782,14538,17964,508674,17671,504185,15335,244172,9480,15602,18001,530925,17753,526721,15637,260089,10175,17211,18772,562893,18297,558721,16319,279178,10945,18523,19342,600156,18926,595947,16867,294296,11339,21148,19697,636278,19633,632735,17475,320859,11875,24389
"대구",소계,777881,24095277,775023,23935285,673126,12210778,416017,1008269,789442,25555685,786061,25401537,689636,13160007,442784,1131643,803828,27137320,800424,26975604,710760,14164687,473954,1253830,819145,28450839,815306,28289589,728783,14946951,500036,1340895,822566,28926498,818768,28772858,724355,14917604,492914,1399725,840715,30714247,837718,30558720,746193,16318219,520379,1594210
"대구",남구,41849,1046161,41685,1039092,35081,491741,20030,32999,41656,1091249,41472,1084656,35442,521949,21169,35900,42346,1160349,42150,1152972,36569,564336,22941,39404,43371,1224202,43151,1216357,37679,600281,24214,41898,43974,1265781,43742,1258354,37760,607002,24101,44492,44985,1352637,44787,1345593,39081,672438,25625,52024
"대구",달서구,193070,6040477,192280,6001111,168152,3055081,105411,239981,194034,6322009,193125,6285065,170635,3248468,110748,265494,197451,6672552,196498,6633259,175416,3470380,117857,291816,199681,6910886,198681,6872376,178267,3609037,122973,306914,197244,6881502,196325,6845605,174154,3521154,118823,312080,198405,7189593,197720,7154521,176653,3796654,123573,352872
"대구",달성군,85326,2512182,85091,2494706,74914,1196030,46539,69725,90005,2774925,89770,2758544,79491,1343636,51704,83196,94088,3040483,93769,3022495,84104,1495292,56354,94765,96979,3221430,96448,3203203,87126,1596673,60015,104535,99265,3304242,98833,3286247,88100,1590617,59961,107558,101342,3530343,101130,3511660,90907,1764416,63865,127847
"대구",동구,106449,3040216,106058,3016922,91505,1458516,55042,96063,110188,3297807,109749,3274329,95625,1613455,59869,112522,111706,3494510,111306,3470367,98200,1734801,64062,124931,113389,3668489,112930,3644834,100488,1843412,67931,136333,115012,3765527,114567,3742430,100892,1851590,67842,141682,119660,4069705,119246,4045660,105560,2067834,72511,166897
"대구",북구,139339,3984844,138870,3958959,120129,1910438,71374,126711,142367,4239629,141625,4214645,123645,2067964,76404,143807,146202,4534710,145505,4508142,128735,2243329,83180,159801,150514,4818444,149739,4791480,133501,2403460,89406,173508,151991,4918323,151069,4892869,133487,2398789,88209,183183,155271,5185732,154478,5159848,137212,2609784,93368,207390
"대구",서구,57329,1301973,57093,1289895,48750,568615,28127,25072,55408,1319297,55127,1309036,47543,591864,28826,27456,53612,1345671,53372,1335233,46708,617956,29607,29878,52784,1371093,52542,1361282,46333,637640,30067,31406,51515,1344927,51256,1335917,44392,604613,28320,31571,51397,1408390,51203,1399211,45003,662506,29748,37211
"대구",수성구,132269,5498130,131775,5468021,115550,3189676,77782,389955,132091,5752044,131582,5720793,116769,3379656,80943,429687,134353,6071552,133832,6040306,119818,3607286,85818,474549,137431,6366481,136911,6334978,123259,3794309,90474,503693,138660,6547808,138174,6517450,123684,3870812,90725,532430,141613,6913306,141203,6882379,126959,4168241,94271,592043
"대구",중구,22250,671294,22171,666580,19045,340683,11712,27761,23693,758724,23611,754470,20486,393016,13121,33581,24070,817494,23992,812830,21210,431306,14135,38687,24996,869814,24904,865078,22130,462138,14956,42608,24905,898389,24802,893985,21886,473027,14933,46731,28042,1064540,27951,1059847,24818,576346,17418,57926
"경북",소계,792858,25485279,786306,25301821,685985,13121286,445300,1019867,800382,26649223,791986,26478824,695939,13915423,468407,1120406,817595,28305329,810313,28130729,719865,15005086,500504,1238743,829463,29217923,818975,29049958,733945,15474611,522581,1274689,841063,30110949,831576,29940061,741107,15731152,524073,1368004,851572,31900173,848025,31725723,759954,17191875,549370,1584374
"경북",경산시,84368,2343456,83563,2322858,72101,1116140,43797,69784,86189,2489071,85279,2470250,73974,1205962,46987,78040,88689,2658291,87834,2638056,77040,1304715,50378,86302,90529,2806769,89370,2787448,79090,1393444,53665,94385,94770,2955897,93534,2936708,82200,1433060,54716,102413,96464,3112770,95685,3092637,84176,1546459,57581,113609
"경북",경주시,83308,2714460,82526,2696248,71984,1435525,48124,117672,83533,2816372,82680,2798246,72836,1499207,50011,124333,84575,2935496,83918,2917820,74465,1575225,52496,131114,85577,3042110,84563,3025166,76003,1637388,55008,137905,86672,3115601,85849,3098389,76417,1646585,54672,143493,87101,3248048,86917,3231187,77969,1756657,56844,157304
"경북",고령군,9347,240270,9313,238102,8117,113988,5027,6455,9306,254083,9270,252308,8163,124755,5396,7749,9357,263234,9327,261531,8263,130999,5629,8151,9085,266341,9058,264650,8115,134305,5631,8417,8808,265597,8785,263924,7838,131858,5415,8704,8749,271380,8726,269905,7775,137549,5413,9439
"경북",구미시,153040,5298589,152453,5266537,134574,2800472,89972,229760,154895,5605706,154304,5576613,137269,3023623,95392,262717,157258,5920545,156762,5889558,141098,3231124,100182,285588,157096,5975838,156252,5944318,141866,3229758,102586,277346,157303,6145434,156545,6116791,141067,3322875,101867,316468,159386,6583125,158929,6552982,143915,3703889,106702,384258
"경북",군위군,5383,153885,5242,152669,4505,77415,2890,5561,5379,161773,5208,160456,4611,83148,3065,6134,5400,168922,5247,167661,4658,88538,3251,6845,5605,177992,5411,176792,4835,93222,3383,6911,5568,180447,5392,179402,4860,93600,3388,7190,5810,196811,5782,195879,5177,104043,3643,8452
"경북",김천시,41839,1360616,41581,1349287,36433,695888,23699,51943,41786,1401345,41555,1391329,36706,722867,24519,54776,43021,1493437,42791,1485271,38042,786593,26368,61285,43594,1538390,43189,1530851,38731,810046,27291,63406,44325,1584819,43984,1576752,39220,822647,27624,67772,45476,1676244,45246,1667759,40535,893403,28980,76935
"경북",문경시,17265,500559,17083,497438,14807,245665,9070,16681,17486,513569,17276,510285,14846,254268,9410,17945,18209,552710,17962,549371,15794,277313,10471,19931,19031,579522,18737,576047,16412,292258,11128,21341,19749,612571,19533,609215,17041,304339,11498,23445,19924,646713,19839,643450,17731,328270,12179,25047
"경북",봉화군,6155,172890,5978,171415,5139,84172,3170,5638,6357,187261,6207,186044,5401,92883,3539,6255,6583,201006,6424,199676,5706,100652,3933,6804,6507,205071,6424,203660,5722,103737,4037,7138,6545,208351,6478,207089,5712,104435,4003,7644,6549,214938,6515,213691,5800,109542,4125,7944
"경북",상주시,21596,618290,21406,614361,18306,301503,11033,19598,22525,658714,22081,655132,19067,326683,12117,21992,23294,708943,22954,705262,20167,356652,13278,24761,23749,735757,23071,732167,20564,371920,14105,25574,23813,749518,23345,745895,20610,371211,13900,26381,24004,779126,23914,775869,21272,392818,14525,28358
"경북",성주군,10828,274600,10593,272297,8863,133263,5627,8023,11126,287905,10920,285864,8931,142636,5854,9147,11115,302126,10782,299782,9118,152269,6213,10086,11254,313327,10534,310838,9175,160317,6347,10918,10804,317942,10328,315527,9082,160236,6208,11382,10290,332812,10270,330847,9170,172676,6389,12992
"경북",안동시,43506,1355633,43254,1349513,37889,683900,23858,50603,43343,1391644,42945,1385777,37870,712168,24913,53987,44634,1484798,44315,1478146,39401,768921,27074,59818,46148,1558516,45661,1551593,40852,808174,29070,62472,46746,1614702,46360,1608230,41337,822739,29320,65864,47424,1680505,47258,1674585,42443,872846,30586,70206
"경북",영덕군,7499,192620,7399,190267,6039,91441,3564,5570,7556,203775,7385,201622,6165,98584,3765,6391,7615,213126,7393,211437,6276,105414,4040,7130,7549,217828,7235,216066,6324,108202,4209,7449,7646,223480,7290,221772,6388,109751,4265,7820,7508,237110,7483,235707,6671,119248,4531,8669
"경북",영양군,3017,89397,2993,88885,2525,44124,1618,2888,3127,95485,3103,94967,2613,47884,1767,3207,3203,100579,3089,100054,2734,50847,1878,3478,3376,107190,3170,106666,2814,54662,2038,3775,3526,113944,3339,113437,2982,57477,2128,4222,3414,116229,3400,115896,3060,58905,2187,4186
"경북",영주시,26652,819345,26346,814081,22735,413108,14120,28898,26798,850439,26067,845066,22962,434380,14941,31621,27168,898266,26751,893240,23617,466528,16229,35382,27741,945607,27288,940145,24342,497060,17177,39203,28159,964180,27693,959469,24489,494361,17240,39402,28527,1016686,28123,1012315,25335,534419,18222,44088
"경북",영천시,27854,760063,27656,753728,24014,367625,15228,21806,28169,804704,27938,799246,24320,398534,16154,25676,29700,883426,29480,877563,25862,445083,17719,29843,30066,928587,29817,923191,26451,471611,18496,31924,30277,952320,29947,947080,26598,474437,18305,33961,30903,999334,30773,994060,27301,509116,19135,37660
"경북",예천군,9924,311215,9687,309096,8507,155388,5434,10602,12041,402981,11625,400433,10307,204743,7001,14598,13185,469283,12956,466568,11566,241401,8150,18472,14275,509590,13832,507222,12420,263419,9033,20226,14942,550234,14660,547312,13213,281628,9538,22730,15277,580343,15238,577673,13682,302295,10097,24394
"경북",울릉군,2861,100077,2858,99024,2607,51584,1740,3537,2907,104730,2902,103750,2618,54917,1829,3983,2951,110390,2947,109426,2722,58432,1928,4230,2892,109980,2885,109093,2670,58851,1964,4470,2880,111730,2875,110899,2644,58753,1963,4603,3161,122399,3157,121549,2896,64885,2156,4992
"경북",울진군,12913,443066,12792,439388,11089,239510,7596,20878,12787,456063,12625,452427,11125,248167,7733,22060,13027,482109,12832,478224,11485,266206,8267,23666,13335,505865,12996,501887,11720,281270,8811,25691,13499,534466,13172,530391,11898,297716,8882,29813,13462,554298,13411,551030,12186,310853,9330,30181
"경북",의성군,10407,261041,9870,258783,8254,124660,5023,7345,10404,272097,9587,270066,8337,132523,5267,8207,10690,294943,10072,292988,8775,145991,5860,9304,10966,307554,10328,305736,8968,153585,6193,9792,11095,315451,10560,313348,9100,155030,6128,10542,10672,330803,10652,329474,9356,166412,6352,11650
"경북",청도군,9754,262942,9520,260520,8194,128365,5013,8947,9833,275220,9503,272781,8196,138118,5191,10997,9822,294672,9650,292460,8493,151447,5556,12458,10044,307358,9842,305176,8695,159480,5841,13454,10063,312338,9810,310317,8625,160519,5669,14636,9986,329575,9953,327854,8847,173761,5966,16372
"경북",청송군,5085,136190,4913,135399,3936,65982,2489,4172,5073,141134,4920,140266,4022,68926,2582,4394,5288,153279,5076,152418,4250,76560,2899,5113,5570,160378,5381,159600,4396,80313,3040,5358,5512,165133,5298,164293,4471,81772,3106,5719,5371,168110,5357,167460,4605,84342,3175,5924
"경북",칠곡군,43151,1324995,43000,1315632,37766,663762,25116,44235,42323,1333320,41948,1325006,36939,679120,25317,46987,42056,1363895,41594,1354209,37112,702864,25565,49918,41089,1336101,40550,1326958,36433,679851,25501,46362,40676,1323312,40192,1314836,35799,660809,24516,48607,40694,1404343,40583,1395613,36616,729900,25979,58071
"경북",포항시,157106,5751080,156280,5706294,137601,3087804,92092,279270,157439,5941833,156658,5900888,138661,3221325,95657,299213,160755,6351852,160157,6310008,143221,3521311,103140,339063,164385,6582253,163381,6544690,147347,3631741,108027,351174,167685,6793482,166607,6748985,149516,3685315,109722,365194,171420,7298472,170814,7248298,153436,4119588,115273,443645
"부산",소계,1144244,35975255,1141432,35533772,987541,18482125,619318,1617886,1137677,37397970,1134370,36979164,991133,19525685,641066,1795049,1148577,39118658,1145863,38705941,1011610,20642513,670218,1929041,1174336,40995231,1169382,40580086,1037342,21774073,706790,2063929,1178358,41913080,1173924,41530800,1033344,21881477,702491,2168616,1199729,44128403,1195307,43746751,1057394,23733056,735679,2456669
"부산",강서구,45651,1579117,45451,1564660,40637,824163,27888,67633,47354,1683042,47131,1668125,41826,885815,29403,74056,50206,1856306,50050,1840077,45064,984955,31371,83152,54772,2083924,54497,2067269,49278,1113461,35645,95834,58119,2273491,57896,2256186,52029,1202163,37765,110130,58814,2420933,58750,2403784,53220,1320700,39040,131003
"부산",금정구,78078,2594538,77794,2569123,67615,1384515,43405,134484,78579,2720852,78260,2696390,68597,1471400,45443,149097,78573,2805497,78318,2781769,69214,1532021,46836,157895,77707,2828261,77220,2804427,68728,1548230,47610,158805,77220,2850239,76701,2828453,67584,1537250,46528,164760,76748,2898704,76276,2877599,67370,1601411,47369,176441
"부산",기장군,50804,1601990,50708,1579169,43715,793541,26783,60660,51865,1701808,51741,1680051,45093,856237,28850,66678,52871,1792038,52773,1771055,46467,914186,30621,72972,57961,2005187,57811,1983037,51046,1029225,34585,82442,60724,2147850,60568,2126788,53230,1086113,35930,93000,63030,2287345,62883,2265696,55627,1182987,38273,103771
"부산",남구,86014,2812800,85790,2777021,74097,1472478,46474,139221,88591,3131224,88321,3095999,77371,1689824,50409,174860,88937,3256217,88770,3221938,78622,1768510,52862,183402,88621,3331402,88265,3297656,78581,1821750,53959,194073,88118,3365320,87795,3335044,77238,1814049,52954,201770,88793,3521007,88356,3491797,78129,1966608,54658,233418
"부산",동구,26053,656434,25968,644984,21791,304241,12733,18321,26122,686110,26019,674956,21968,324109,13255,21108,27142,750815,27067,738545,23176,360551,14472,23697,29570,846909,29426,834470,25120,412888,16292,28153,29725,876983,29585,866018,25053,419610,16205,31081,31048,952395,30887,940580,26415,474638,17519,37453
"부산",동래구,88318,2948188,88100,2916479,76653,1542188,49149,137650,87743,3064044,87507,3034423,77037,1627215,50704,152243,90782,3297752,90576,3268342,80507,1770953,54536,169203,93747,3505108,93363,3474530,83515,1891697,57978,183699,93226,3551690,92903,3523166,82461,1885339,57261,191675,99235,3945113,98911,3915454,88224,2156959,62915,228102
"부산",부산진구,121234,3553360,121015,3515072,104352,1760026,64062,133579,118350,3624256,118056,3588609,102969,1823072,65247,145780,119209,3781685,118984,3746539,104669,1927184,67728,158484,123188,3980138,122525,3943876,108545,2036704,72355,167211,125012,4115212,124476,4082450,109192,2060972,72475,178719,127779,4325120,127185,4291278,112030,2234451,76262,201529
"부산",북구,104063,3154359,103810,3124688,90608,1566885,56591,114651,101508,3209206,101251,3181093,89416,1618965,57642,124338,100624,3294529,100325,3267127,89373,1685374,59260,132936,101825,3393528,101427,3366160,90603,1745370,61968,138570,101899,3450459,101511,3425319,90311,1731711,61442,141801,102790,3572715,102408,3548183,91300,1845124,63551,157392
"부산",사상구,82280,2154402,82134,2132631,70877,1002650,43180,55015,80000,2173515,79761,2152144,69557,1025588,43733,58463,78780,2231488,78616,2210183,69423,1067388,44609,61301,78534,2278984,78191,2257492,69108,1101684,45921,64505,77129,2250660,76804,2232639,67206,1054959,44068,64298,77536,2319171,77254,2302200,67654,1128873,45664,72581
"부산",사하구,118432,3377297,118187,3331647,102262,1630199,62955,108661,116566,3431638,116252,3390020,101549,1674726,64208,114134,116039,3490183,115756,3449347,101518,1715688,65212,116598,115200,3541757,114760,3502198,100930,1757344,67032,120943,112918,3526321,112529,3489845,98304,1708769,65303,121730,113414,3673980,113030,3637118,99803,1843049,68017,138639
"부산",서구,32686,933653,32604,914451,27849,461320,17018,36724,33298,1003905,33202,985357,28540,506907,18112,42020,33159,1043016,33054,1024814,28910,531970,19013,44013,33847,1097302,33705,1079637,29498,564628,19949,47401,33999,1129837,33868,1112997,29491,569747,19795,49889,35010,1233217,34879,1216250,30610,649711,21244,62419
"부산",수영구,58200,1831790,58072,1807777,50159,950424,31300,87670,57496,1881045,57337,1859076,49978,990223,31993,95373,58834,1996145,58737,1974870,51715,1062049,33977,103938,61121,2137472,60927,2115007,54222,1146694,36281,113461,62027,2192339,61838,2171312,54131,1154223,36186,118719,63402,2295692,63189,2274832,55740,1238524,37895,129933
"부산",연제구,67486,2211671,67329,2188056,58392,1147633,37068,100338,67477,2296728,67305,2274555,59087,1205643,38441,108767,70464,2487806,70310,2466016,62493,1320778,41876,121232,72631,2638105,72371,2615947,64709,1407720,44550,131132,71974,2665328,71779,2645111,63818,1399880,43936,137168,74156,2832710,73950,2812115,65811,1530028,46460,155457
"부산",영도구,37859,1013811,37762,979878,31818,474412,18755,31439,36409,1015442,36290,983940,30891,483926,18738,33678,35686,1032005,35560,1001681,30842,496880,19272,34245,35413,1044153,35235,1015583,30741,506602,19842,34699,35180,1058284,35012,1031620,30337,503608,19592,36071,35339,1098570,35161,1072049,30513,541395,20460,41307
"부산",중구,13391,307516,13311,298552,10946,136871,6154,7748,13053,313108,12967,304587,10836,142038,6332,8390,12942,320784,12859,312276,10852,147449,6478,8804,13493,342779,13401,333935,11383,159568,7113,9387,14070,363203,13992,355154,11602,165486,7231,10303,14957,395215,14881,387231,12395,187912,7918,12605
"부산",해운대구,133695,5244328,133397,5189584,115770,3030579,75803,384091,133266,5462047,132970,5409839,116418,3199996,78556,426062,134329,5682393,134108,5631363,118765,3356577,82095,457168,136706,5940223,136258,5888863,121335,3530509,85710,493615,137018,6095863,136667,6048698,121357,3587600,85820,517501,137678,6356516,137307,6310584,122553,3830686,88434,574618
"울산",소계,430928,17759294,430171,17648807,384533,10233138,273505,1061941,418808,17762818,417870,17655992,374337,10307894,271074,1109079,420925,18200848,420105,18103307,378524,10557955,278067,1131961,427549,18696556,426417,18601340,387231,10818519,290668,1151134,427794,18633131,426483,18552805,385971,10512264,288664,1112215,432636,19482228,431464,19394823,391166,11284352,296536,1251233
"울산",남구,120584,5183803,120331,5154405,107485,3063809,77172,351553,117719,5262216,117403,5235067,105246,3147757,77134,378806,117617,5388712,117347,5362694,105831,3236697,78732,392028,120003,5540033,119668,5514686,108772,3305365,82676,390666,119765,5518457,119376,5496208,108113,3220891,81626,381358,121690,5793248,121327,5768169,109944,3467213,84057,427949
"울산",동구,72288,2907241,72212,2883468,65159,1648006,46571,151519,64886,2616021,64798,2589711,57924,1477997,41567,140749,61329,2471426,61243,2452522,54903,1365914,39694,123107,60668,2468514,60527,2449912,55074,1364129,40754,122777,60041,2451081,59896,2439842,54262,1329734,39985,120312,60192,2498688,60044,2484802,54302,1377673,40375,128088
"울산",북구,76290,3414807,76175,3397717,68901,1989555,50270,204454,78624,3551377,78456,3534271,71145,2064228,52545,210908,84174,3847711,84023,3830489,76589,2228645,57335,224300,87723,4078250,87527,4060893,80279,2371353,61215,246694,88753,4029598,88519,4014799,80845,2255162,61499,225204,90620,4274972,90436,4259428,82683,2467640,63848,262378
"울산",울주군,78354,2881121,78219,2860730,69300,1587924,47824,149555,77963,3020026,77804,3001069,69462,1695718,49376,170544,80031,3183874,79899,3164706,71769,1798823,51728,182717,82086,3271785,81870,3253378,73789,1832767,54399,179408,82570,3326909,82284,3309138,74058,1833822,54436,184074,83823,3494288,83550,3476252,75365,1981006,56415,209131
"울산",중구,83412,3372323,83234,3352487,73688,1943843,51668,204860,79616,3313178,79409,3295874,70560,1922195,50452,208072,77774,3309125,77593,3292896,69432,1927876,50578,209808,77069,3337974,76825,3322470,69317,1944905,51624,211588,76665,3307086,76408,3292819,68693,1872655,51118,201267,76311,3421032,76107,3406172,68872,1990820,51841,223687
"경남",소계,1118053,36735542,1114258,36467935,978903,19034410,636991,1495045,1112933,37613347,1108625,37356316,978286,19618792,655620,1573154,1128350,39215017,1124204,38948684,1001278,20580135,685334,1675243,1155835,41161201,1150215,40889573,1031342,21707428,726271,1791606,1163454,41922543,1158568,41658864,1034175,21625006,725029,1841192,1176081,43702903,1173599,43438480,1051710,23178296,751128,2063013
"경남",거제시,103945,4178112,103795,4163902,92717,2423994,64523,224360,94956,3614797,94678,3600726,83361,2037367,56982,183307,90365,3316198,90097,3300757,78867,1774180,52694,142080,92590,3523240,92220,3507377,82370,1902655,57870,158923,89597,3444241,89310,3429771,79515,1818950,55975,155993,84809,3249877,84614,3234250,75074,1709376,52459,143052
"경남",거창군,14480,424864,14431,422429,12650,207111,7596,13503,14529,444539,14465,442252,12749,220928,7996,15021,15265,479758,15125,477116,13449,241521,9015,16713,15525,506286,15346,503768,13839,258268,9500,18540,16008,532058,15837,529616,14258,267848,9733,20261,16394,551037,16358,548746,14662,282141,10123,21318
"경남",고성군,13749,368228,13656,364838,11660,174813,6987,9972,12965,359647,12919,356663,10967,173712,6806,10594,12584,365241,12553,362434,10835,179085,6915,11504,13147,386735,12970,383880,11170,192739,7444,12717,12948,393237,12826,390256,11104,192300,7358,13172,13109,422206,13075,419490,11431,217340,7703,19562
"경남",김해시,194862,6015627,194476,5968880,170000,3008548,108373,216155,195275,6304129,194879,6261438,171907,3198773,114007,236710,202203,6777670,201785,6732677,180331,3486378,122135,265344,208421,7131400,207794,7085715,186497,3673956,129362,281721,209400,7250388,208717,7206676,185996,3649861,128758,288653,212911,7647853,212273,7603917,190299,3978175,135358,332592
"경남",남해군,8994,248099,8850,244558,7583,118177,4365,7420,8996,258647,8963,255257,7589,126344,4489,9187,9109,272192,9080,269266,7866,135345,4922,10050,9333,283061,9299,279642,8042,141572,5300,10684,9754,300021,9631,296564,8453,147701,5515,11808,10006,314303,9983,311196,8867,157410,5913,12302
"경남",밀양시,28962,785258,28529,779268,23954,382748,14595,24605,29119,823901,28623,817901,24195,409873,15480,27798,29210,871736,28797,865744,25036,440395,16587,30862,30131,928402,29652,922418,25890,475826,17666,34475,30956,959963,30580,954616,26427,481818,17983,35975,30596,991875,30523,986939,26879,509021,18502,39344
"경남",사천시,34835,1098570,34632,1089774,30346,559957,19180,42388,34927,1143659,34656,1135235,30462,589548,20106,44473,35411,1223037,35233,1213980,31278,650298,21276,53072,36453,1317790,36261,1309393,32461,714311,22867,62753,36703,1333328,36507,1324792,32605,702757,22681,63069,37406,1401873,37347,1393549,33514,755441,23930,68710
"경남",산청군,7434,213093,7413,211582,6328,104999,3922,7122,7728,226962,7694,225304,6570,113828,4181,8090,7848,236586,7640,234937,6684,120583,4479,8529,7961,244865,7805,243153,6908,125647,4629,9176,8187,252035,7971,250477,7068,127278,4629,9944,8155,259509,8135,258340,7149,134737,4821,10821
"경남",양산시,119260,3585156,118819,3550718,104329,1740314,66220,111689,122769,3873060,122308,3839768,108230,1910554,70922,128731,125591,4093420,125220,4060268,111478,2044395,75037,140902,129518,4336766,128692,4303629,115372,2186383,79849,155478,131194,4464810,130552,4432894,116597,2201678,80405,162520,133409,4722374,133044,4690204,119222,2411542,84195,192652
"경남",의령군,6372,181636,6347,180502,5583,88403,3462,5132,6477,191009,6449,189875,5691,94189,3655,5622,6612,204490,6589,203368,5843,103147,3998,6470,6874,214082,6829,212879,6104,108517,4318,6817,6744,219162,6707,217950,6020,110146,4287,7434,6917,229514,6898,228375,6194,118333,4377,8405
"경남",진주시,106070,3554711,105678,3532125,92683,1846460,59657,151639,107513,3726858,107057,3705433,94451,1960389,63326,165613,111499,4061100,111094,4039134,99185,2186969,68564,200722,116342,4317240,115892,4292197,103809,2323994,73419,211095,119900,4498419,119570,4475009,106550,2369817,74840,218892,121716,4692023,121549,4669509,108750,2530816,78244,238850
"경남",창녕군,17338,473352,17292,469759,14794,229719,9452,13711,17100,492858,17015,489542,14675,245055,10004,15469,17583,515675,17362,511997,15155,259255,10376,16442,17640,541708,17491,538407,15464,276145,10836,18200,17322,533076,17120,530116,15154,264788,10496,17531,17083,549556,17044,546830,15114,282242,10661,20127
"경남",창원시,374425,13161389,373842,13061034,331577,6967316,222871,593684,375231,13680887,374418,13582728,334378,7321747,231112,641897,380619,14256910,379850,14154185,342022,7691964,241058,686090,386520,14785688,385449,14682369,349011,7995228,252407,718315,390167,15058657,389370,14954912,350438,7961221,252065,739380,399046,15908806,398451,15801968,359454,8690736,263250,851236
"경남",통영시,37407,1040989,37337,1031909,32024,493717,19173,29335,35650,1005498,35556,996740,30200,483203,18368,30961,34427,1001776,34310,993233,29543,484220,18317,32024,35192,1061085,34989,1051438,30541,520524,20007,35258,34777,1076484,34652,1067714,30175,518882,19743,36677,34644,1100567,34542,1091608,30506,541229,20277,38374
"경남",하동군,9581,271630,9539,269920,8124,132072,4821,8563,9529,281558,9490,279749,8130,139906,5142,9520,9731,302204,9694,300362,8485,153157,5682,10848,9750,307109,9635,305172,8475,156573,5755,11186,9654,310077,9558,308301,8456,155950,5793,11625,9672,318176,9655,316547,8574,163506,5908,12315
"경남",함안군,22416,636230,21991,631110,19276,314321,12558,20932,22078,660556,21727,655792,19188,333426,13152,23164,21965,680748,21503,675672,19188,348896,13437,24962,21884,696932,21520,692188,19246,360068,13770,26037,21447,693680,21184,689105,18859,350769,13230,26519,20864,714257,20812,710236,18752,373888,13502,29816
"경남",함양군,8608,236146,8427,234814,7227,114291,4317,7070,8904,254163,8684,252736,7509,126003,4754,8441,9153,272742,9124,271378,7862,137229,5297,9243,9343,288482,9307,286992,8011,147031,5566,10284,9374,300136,9184,298399,8158,150624,5631,11136,9506,311678,9480,310267,8423,160119,5819,12121
"경남",합천군,9315,262452,9204,260814,8048,127450,4919,7764,9187,270618,9044,269179,8034,133949,5138,8557,9175,283536,9148,282176,8171,143119,5545,9386,9211,290330,9064,288954,8132,147990,5706,9948,9322,302771,9292,301695,8342,152618,5907,10602,9838,317420,9816,316507,8846,162244,6086,11417
"제주",소계,197972,5705113,197102,5674147,169719,2826393,101628,226606,207528,6282535,206746,6252334,179857,3172265,113741,264350,217451,6820187,216873,6790174,191399,3474331,126097,288522,225998,7297193,225382,7266684,200482,3748591,136871,314130,228717,7518082,228074,7488749,201402,3786107,134640,333303,232571,7985643,232345,7951570,207655,4141826,142908,375971
"제주",제주시,150621,4389021,150155,4366483,129793,2174513,77749,171441,157011,4803882,156638,4781549,136751,2421937,86454,66226,164636,5213420,164312,5191500,145238,2653634,95694,218142,171469,5584793,171144,5562873,152621,2862584,104244,235874,173124,5730762,172832,5709322,153000,2871924,102047,245983,175810,6064037,175652,6039377,157106,3132000,107941,277434
"제주",서귀포시,47351,1316092,46947,1307664,39926,651880,23879,55165,50517,1478653,50108,1470785,43106,750328,27287,198124,52815,1606768,52561,1598675,46161,820697,30403,70380,54529,1712400,54238,1703811,47861,886007,32627,78256,55593,1787320,55242,1779427,48402,914183,32593,87319,56761,1921607,56693,1912193,50549,1009826,34967,98537
"기타",소계,10978,151361,8179,118407,5390,61496,3244,4331,10830,168003,8619,137911,5941,74186,3804,5643,8357,129599,6651,105622,4533,56709,2828,4503,7044,89495,5590,67458,2834,35441,1639,3077,5126,88284,3385,59626,2281,33553,1536,2486,4817,73210,2817,40642,1546,22779,856,2222
